ref,domain,level,direction,basis
23;24,Unaided literacy skills,learning,+,"Greater pre-post gains than control in word recognition, spelling, reading comprehension and phonological processing [23]; both STT groups improved word recognition and reading comprehension relative to control [24] (one overlapping series)"
25,Text quality,access,+,"Among students with learning disabilities, STT essays rated higher than handwritten essays (human scribing rated highest)"
26,Text length,access,+,"Seven of eight learners increased text productivity"
26,Transcription accuracy,access,0,"Word-level accuracy generally maintained or improved; varied across learners"
26,Text quality,access,0,"Text quality at least similar to keyboarding for most learners; responses varied by learner and outcome"
27,Text length,access,0,"Text-length PEM 30-100% across learners: substantial for some, limited or absent for others"
27,Text quality,access,0,"Text-quality PEM 10-100% across learners"
28,Text length,access,+,"All four learners increased words and sentences (NAP 0.93-1.00)"
28,Text quality,access,+,"All four learners increased content units"
49,Transcription accuracy,access,+,"Fewer residual errors with STT than keyboard (F(1,52) = 14.92, p < 0.001); largest reduction in learners with reading and writing difficulties"
49,Text quality,access,0,"Judged text quality did not differ between conditions (p = 0.95)"
29,Curricular attainment,learning,+,"Post-test mean 28 vs 24 on a researcher-developed achievement test"
30,Unaided literacy skills,learning,0,"No between-group difference in standardised reading, reading comprehension or listening comprehension measures after the intervention or at 1-year follow-up"
31,Comprehension,access,+,"Both TTS conditions produced higher comprehension than silent reading"
32,Comprehension,access,+,"All four students scored higher in TTS phases; gains maintained at 4 weeks"
32,Unaided literacy skills,learning,0,"Oral reading fluency rose by the end of accommodation phases; Lexile scores increased in two of four students"
33,Comprehension,access,+,"Both students scored higher in TTS phases (B-phase means 73-80% vs A-phase means 23-43%)"
34,Comprehension,access,+,"Continuous TTS produced the highest comprehension accuracy for three of four students"
34,Reading efficiency,access,+,"Continuous TTS produced the highest comprehension rate for three of four students"
35,Comprehension,access,0,"Comparator was repeated reading; two of three students improved, one showed a small advantage for repeated reading"
35,Reading efficiency,access,+,"Mean session duration 5.45 min with iPad TTS vs 12.73 min with repeated reading"
36,Curricular attainment,learning,+,"Adjusted post-test group effect favoured TTS-assisted instruction (F(1,17) = 42.23, p < 0.001)"
37,Unaided literacy skills,learning,+,"Higher reading/spelling and pronunciation-related performance described during the TTS phase (scale incompletely reported)"
38,Braille acquisition,learning,+,"Mean 7.00 sessions to mastery of written contractions with Tutor support vs 9.58 with teacher-only instruction (descriptive trend)"
39,Comprehension,access,+,"All eight learners comprehended more when listening with TTS than when reading independently"
39,Unaided literacy skills,learning,0,"Clear decoding improvement in one of eight learners"
40,Comprehension,access,0,"Comprehension improved with TTS in the ADHD group but was unchanged in the dyslexia group"
40,Reading efficiency,access,+,"Dyslexia group maintained comprehension with lower reading time and effort under TTS"
41,Comprehension,access,0,"Comprehension improved with TTS in grades 3-5 but not in grades 6-9"
41,Reading efficiency,access,+,"Reading rate improved with TTS in both grade groups"
42,Comprehension,access,+,"Higher comprehension in the TTS condition in students with dyslexia"
42,Engagement and independence,access,+,"Fewer mind-wandering episodes and more on-task time with TTS in students with dyslexia"
43,Comprehension,access,+,"Abstract reports improved comprehension for both participants (full text unavailable)"
43,Reading efficiency,access,+,"Abstract reports increased reading rate for both participants (full text unavailable)"
44,Comprehension,access,0,"No detectable difference in comprehension with TTS"
44,Reading efficiency,access,0,"No detectable difference in fluency or task-completion time with TTS"
45,Comprehension,access,0,"Abstract reports that neither TTS nor live read-aloud was superior (full text unavailable)"
46,Comprehension,access,-,"Listening comprehension higher with a human reader than with TTS for all four students"
47,Comprehension,access,0,"PEM 8-75% across learners for comprehension; heterogeneous responses"
47,Engagement and independence,access,0,"PEM 8-75% across learners for independence; heterogeneous responses"
48,Comprehension,access,0,"Statistically significant gain only in the dyslexic reading profile; other profiles showed no significant gain"
